Feature_1,Feature_2,Feature_3,Feature_4,Feature_5,Target
-1.594427658794367,-0.5993750229537729,0.0052436997181831,0.046980593764742,-0.4500654714792436,-1.4998103667743548
2.060747924881987,1.7553408424432044,-0.2489641484790735,0.9715709509543554,0.6453759495851475,3.484610780694726
0.4127809269364983,0.82206015999449,1.8967929826539476,-0.2453881160028705,-0.7537361643574896,0.5515041247763689
0.6228499323474987,-1.0676204293825944,-0.1423794850212935,0.1202956317118988,0.514438834058749,0.1807471168358324
-0.2209695995332229,0.6141667000434252,0.7575077100473051,-0.5305011476105275,-0.57581824064468,-0.4498572705871342
-0.5017570435845365,0.915402117702074,0.3287511096596844,-0.5297602037670388,0.5132674331133561,0.1245236530786653
0.6256673477650062,-0.8571575564162826,-1.0708924980611123,0.4824724152431853,-0.2234627853258509,-0.1860575235179402
0.7116148780888898,-1.1246420918378692,-1.5341141707356225,1.277676821898509,0.3323140119795916,0.6844456050715529
0.2320499373576363,-1.448084341497324,-1.4074637743765552,-0.718444221252436,-0.2134471517118472,-1.9335899038122524
-1.2141886127877322,1.1581108735000678,0.7916626939629359,0.6241198170521551,0.6283455092642799,1.0706528028421451
1.9647251329163893,0.0352635519717286,-0.6997255079925856,0.213979910734222,-0.1123280496908298,1.1403156924354272
0.3853173797288368,-0.883857436201133,0.1537251059455279,0.0582087184459998,-1.142970297830623,-0.7586575255456438
0.113517345251248,0.6621306745210467,1.586016816145352,-1.237815498826849,2.133033374656266,0.8662314170709139
-0.926930471578083,-0.0595253560618,-3.241267340069073,-1.0243876413342898,-0.2525681513931603,-2.98232214868578
-0.4842340728662513,1.2669111491866227,-0.7076694656187807,0.4438194281462284,0.7746340534293368,1.124272770876371
-0.9746816702273214,0.787084603742452,1.158595579007404,-0.8206823183517105,0.9633761292443218,0.2846103340155505
-0.7143514180263678,1.8657745111447568,0.4738329209117875,-1.1913034972026486,0.6565536086338297,0.0215209111598426
2.3146585666735087,-1.867265192591748,0.6862601903745135,-1.6127158711896517,-0.4719318657894334,-1.186221889285441
-0.898414671348358,0.4919191715065057,-1.3202332070206422,1.8314587658543535,1.179440120721287,1.8025194799724915
0.324083969394795,-0.3850822804163165,-0.6769220003059587,0.6116762888408679,1.030999522495951,1.0154919669619955
-0.4634176928124622,-0.4657297535702568,0.2419622715660341,-1.913280244657798,-1.7249178325130328,-3.4571988594553864
-0.4012204718858362,0.2240924818104167,0.0125924007817948,0.0976760985488317,-0.7730097838554665,-0.4699807562125668
-1.4222537095976742,-0.6465728842425266,-1.081548003614395,1.6871416350725648,0.8816397569494505,0.6264827390831504
-0.2176812032272203,1.09877685198719,0.8254163489880298,0.8135096360006385,1.305478807154329,2.3062065533700244
-1.4635149481321186,0.296120277064576,0.2610552721798893,0.0051134566424608,-0.2345871333751469,-0.6584308403706417
0.8271832490360238,0.013001891877907,1.4535340771573169,-0.2646568332379561,2.720169166589619,2.405287816014257
-0.275051697151644,-2.301921164735585,-1.5151910621985525,1.366874267444525,1.6449677135012837,0.4102054896868315
1.5499344050175394,-0.7832532923362371,-0.3220615162056756,0.8135172173696698,-1.2308643164339552,0.4656292085673204
-0.7303666317171367,0.2164585895819748,0.0455718399038137,-0.6516003476058171,2.1439440893253257,0.3727595221843711
-0.4465149520670211,0.8563987943234723,0.2140937441302039,-1.245738778711988,0.173180925851182,-0.7367585194437309
-0.1470573815021386,-0.8254971967925115,-0.3213858416529934,0.4129314542756243,-0.5637245528039747,-0.613128855562346
0.5389100436846587,-1.0372461543264564,-0.1903386780836082,-0.8756182533847572,-1.382799730964336,-1.9851048770508035
1.4412732890661155,-1.4358621511794394,1.1631637521549596,0.010233061019587,-0.9815086510479508,-0.0045467334362784
-0.2490360395563783,0.5765569630557664,0.3112501545435361,3.0788808084552377,1.1195749114345768,4.091993596463721
0.3840654489393073,-0.0326947480940931,-2.0674421000398766,-0.0891200395127884,-1.3044695005048532,-1.419682047781221
0.3577873603482833,0.5607845263682344,1.083051243175277,1.053802052034903,-1.377669367957091,1.0695561404877243
-0.7925207384327007,-0.114736441466899,0.5049872789804571,0.8657551941701215,-1.2002964070557762,-0.2825812942706924
-0.6929095952606542,0.8995998754332507,0.3072995208766093,0.8128621188389601,0.6296288419236122,1.4534140579164432
0.3015473423336124,-0.0347117697052433,-1.168678037619532,1.1428228145150203,0.7519330326867741,1.2415090374705635
-0.8895144296255233,-0.8158102849654383,-0.0771017094141042,0.3411519748166439,0.276690799330019,-0.5783463803822873
-1.183258512665775,-2.039232177760101,-0.2694068344445577,0.7175422557959623,1.502357052096028,-0.2552378711266155
-1.2477831819648495,1.6324113039316352,-1.430141377960633,-0.4400444866969837,0.1307405772860913,-0.770305325149443
0.1503937864762076,0.3417559757771594,1.8761708392158865,0.9504238381860504,-0.5769036556624031,1.5084037432833886
0.8219025043752238,0.0870470682381712,-0.2990073504658674,0.0917607765355023,-1.9875689146008928,-0.6926637873457264
-0.7484865365565536,1.551151975522523,0.1156746342928586,1.1792971840638264,0.0675184814101089,1.68777260123222
-0.9378250399151228,0.5150352672086598,0.5137859509122088,0.5150476863060479,3.852731490654721,2.9565460159791885
1.088950596967366,0.0642800190954627,-1.077744777929306,-0.7153037092599682,0.6795977489346758,0.0712447978965042
-0.7928728322623442,-0.1070303599545578,-1.035242322419374,-0.553649305347182,-1.1978778925888485,-2.258158743496873
-1.5506634310661327,0.0685629748060273,-1.0623037137261049,0.4735924306351816,-0.9194242342338032,-1.4763686840372674
-0.0079726413166173,1.479944138890026,0.0773683076476183,-0.8612842013282637,1.5231240772696573,0.7768993478250453
